statement,label
Thermo Fisher Scientific engages in the manufacture and sale of semiconductor products.,0
"Anheuser-Busch InBev engages in the exploration, production, refining, marketing and distribution of oil.",0
Meta Platforms has headquarters in United States.,1
Japan Post Holdings operates in the industry of Drugs & Biotechnology.,0
"Merck & Co. engages in the provision of health solutions through its prescription medicines, vaccines, biologic therapies, animal health, and consumer care products.",1
SK Hynix is an investment company that engages in the provision of value-added services and online advertising services.,0
"Enel engages in global investment banking, securities and investment management, which provides financial services.",0
Bank of Montreal has headquarters in Canada.,1
Morgan Stanley has headquarters in United States.,1
Cathay Financial operates in the industry of Chemicals.,0
Generali Group has headquarters in Switzerland.,0
AT&T operates in the industry of Trading Companies.,0
Poly Developments & Holdings Group has headquarters in China.,1
Ping An Insurance (Group) Company of China engages in the provision of financial products and services.,1
Sumitomo Mitsui Financial has headquarters in China.,0
Manulife operates in the industry of insurance.,1
"China Petroleum & Chemical engages in the exploration, development and production of crude oil and natural gas.",1
National Australia Bank operates in the industry of banking.,1
PepsiCo has headquarters in United States.,1
Lloyds Banking Group operates in the industry of banking.,1
Bayerische Motoren Werke (BMW) engages in the manufacture and sale of automobiles and motorcycles.,1
"Telefonica engages in the provision of communication, information and entertainment solutions.",1
BASF engages in the provision of chemical products.,1
KDDI operates in the industry of Materials.,0
Lowe's engages in the provision of telecommunication services.,0
KDDI has headquarters in India.,0
"Capital One engages in the provision of corporate and personal banking services, financial lease, assets custody services and conducting treasury business.",0
"BHP Group engages in the exploration, development, production, and processing of iron ore, metallurgical coal, and copper.",1
Charter Communications operates in the industry of Oil & Gas Operations.,0
Novartis operates in the industry of Banking.,0
Manulife has headquarters in Canada.,1
Citigroup has headquarters in United States.,1
Dow operates in the industry of chemicals.,1
Telefonica has headquarters in Spain.,1
BHP Group has headquarters in Canada.,0
JPMorgan Chase has headquarters in China.,0
Sberbank has headquarters in Russia.,1
Honda Motor operates in the industry of consumer durables.,1
ConocoPhillips has headquarters in United States.,1
"CITIC engages in the following business activities: housing construction, real estate development and investment, infrastructure construction and investment, prospecting and design, and overseas industries.",0
RBC operates in the industry of banking.,1
China Citic Bank operates in the industry of banking.,1
Itau Unibanco Holding has headquarters in Brazil.,1
VINCI operates in the industry of construction.,1
Petrobras has headquarters in Brazil.,1
Morgan Stanley has headquarters in South Korea.,0
Caterpillar operates in the industry of Trading Companies.,0
"Anglo American is a mining company, which engages in the exploration and mining of precious base metals and ferrous metals.",1
"Equinor is an investment holding company that engages in the exploration, development, production and sale of crude oil, natural gas and other petroleum products through its subsidiaries.",0
ENGIE engages in the provision of banking and financial services.,0
Deutsche Post operates in the industry of Consumer Durables.,0
Brookfield Asset Management has headquarters in United States.,0
Mercedes-Benz Group has headquarters in United States.,0
Enel operates in the industry of electricity & gas.,1
Wells Fargo operates in the industry of banking.,1
Munich Reinsurance operates in the industry of insurance.,1
Capital One has headquarters in India.,0
Telefonica has headquarters in France.,0
Shanghai Pudong Development Bank operates in the industry of Banking.,0
Hon Hai Precision operates in the industry of technology hardware & equipment.,1
"Morgan Stanley is a holding company, which engages in the provision of a portfolio of transportation, e-commerce, and business services.",0
Bank of China engages in the provision of banking and financial services.,1
America Movil engages in the provision of telecommunications services.,1
Alibaba Group operates in the industry of retailing.,1
Bank of Communications engages in the provision of banking and financial services.,1
Mitsubishi operates in the industry of Banking.,0
China Life Insurance has headquarters in China.,1
Sberbank has headquarters in France.,0
Walmart has headquarters in Taiwan.,0
Walgreens has headquarters in China.,0
"PepsiCo operates in the industry of food, drink & tobacco.",1
"Agricultural Bank of China operates in the industry of Food, Drink & Tobacco.",0
Walmart operates in the industry of retailing.,1
HDFC Bank operates in the industry of Banking.,0
Johnson & Johnson has headquarters in Hong Kong.,0
State Bank of India engages in the provision of commercial banking services.,1
"Novartis is a holding company, which engages in the development, manufacture, and marketing of healthcare products.",1
Lowe's has headquarters in United States.,1
UnitedHealth Group has headquarters in United States.,1
British American Tobacco has headquarters in United States.,1
Nestle operates in the industry of Banking.,0
Shell operates in the industry of oil & gas operations.,1
China Vanke engages in the development and sale of properties.,1
Sberbank operates in the industry of banking.,1
"Sumitomo Mitsui Financial engages in the ownership and operation of assets of its shareholder and clients with a focus on real estate, renewable power, infrastructure and private equity.",0
Deutsche Post operates in the industry of transportation.,1
PetroChina engages in the provision of innovative memory and storage solutions.,0
Costco Wholesale has headquarters in Russia.,0
Apple has headquarters in United States.,1
BNP Paribas has headquarters in China.,0
"Accenture engages in the provision of management consulting, technology, and outsourcing services.",1
Raytheon Technologies has headquarters in China.,0
Goldman Sachs Group is a holding company that engages in the provision of telecommunications media and technology service.,0
Volkswagen Group engages in the production and sale of passenger cars and light commercial vehicles.,1
HCA Healthcare has headquarters in United Kingdom.,0
Intesa Sanpaolo has headquarters in Italy.,1
Tokio Marine Holdings operates in the industry of Retailing.,0
Bank of Nova Scotia has headquarters in Canada.,1
"Santander is a banking services company, which engages in the provision of banking services to individuals, companies, and institutions.",1
"Deutsche Post engages in the design, manufacture, and sale of smartphones, personal computers, tablets, wearables and accessories, and other variety of related services.",0
General Motors operates in the industry of consumer durables.,1
Amazon.com operates in the industry of retailing.,1
GlaxoSmithKline is a holding company that engages in the provision of financial management solutions.,0
Costco Wholesale operates in the industry of retailing.,1
"Deere & Company engages in the manufacturing and distribution of equipment used in agriculture, construction, forestry, and turf care.",1
Mitsubishi engages in the provision of services utilizing the function of general trading.,1
"Westpac Banking is an investment holding company, which engages in the provision of life insurance.",0
Alibaba Group engages in providing online and mobile marketplaces in retail and wholesale trade.,1
Eni has headquarters in Italy.,1
Dow has headquarters in United States.,1
Mitsubishi UFJ Financial Group operates in the industry of Banking.,0
Cathay Financial has headquarters in Taiwan.,1
China Construction Bank operates in the industry of Telecommunications Services.,0
Prudential Financial operates in the industry of diversified financials.,1
Linde engages in the production and distribution of industrial gases.,1
United Parcel Service engages in the provision of telecommunication services.,0
"Broadcom is a global technology company, which designs, develops and supplies semiconductor and infrastructure software solutions.",1
American Express operates in the industry of Consumer Durables.,0
Postal Savings Bank of China operates in the industry of Consumer Durables.,0
"Sberbank engages in the provision of a range of property casualty insurance, life insurance, retirement products, and other financial services to commercial and individual customers.",0
Mitsubishi has headquarters in Japan.,1
Canadian Imperial Bank of Commerce operates in the industry of Materials.,0
Bank of Nova Scotia has headquarters in Taiwan.,0
Mercedes-Benz Group has headquarters in Germany.,1
U.S. Bancorp has headquarters in South Korea.,0
Roche Holding operates in the industry of drugs & biotechnology.,1
Rio Tinto operates in the industry of materials.,1
"Taiwan Semiconductor Manufacturing Company engages in the design, development, manufacture, and sale of fully electric vehicles, energy generation and storage systems.",0
Tencent Holdings has headquarters in China.,1
Capital One operates in the industry of banking.,1
MetLife engages in owning and operating of general merchandise stores.,0
Siemens operates in the industry of Oil & Gas Operations.,0
Hon Hai Precision has headquarters in Taiwan.,1
Mitsubishi operates in the industry of trading companies.,1
"China Shenhua Energy engages in the production and marketing of metal, mineral, and energy and agricultural commodities.",0
Procter & Gamble engages in the provision of branded consumer packaged goods.,1
SoftBank operates in the industry of telecommunications services.,1
Postal Savings Bank of China operates in the industry of banking.,1
"Moller - Maersk engages in shipping, energy, transportation, offshore drilling, and retail activities.",1
Wells Fargo has headquarters in Saudi Arabia.,0
"Charter Communications engages in the provision of financial products and services, including personal, commercial, corporate, and investment banking.",0
UBS Group is a holding company that engages in the provision of financial management solutions.,1
"Exxon Mobil engages in the exploration, development, and distribution of oil, gas, and petroleum products.",1
China Shenhua Energy operates in the industry of Transportation.,0
"Apple engages in the design, manufacture, and sale of smartphones, personal computers, tablets, wearables and accessories, and other variety of related services.",1
"Anheuser-Busch InBev operates in the industry of food, drink & tobacco.",1
The Home Depot is the world's largest home improvement specialty retailer.,1
"Alibaba Group engages in the manufacture and sale of automobiles, motorcycles and power products.",0
Chevron has headquarters in Germany.,0
Banco Bradesco operates in the industry of banking.,1
UnitedHealth Group operates in the industry of Diversified Financials.,0
"Caterpillar engages in the manufacture of construction and mining equipment, diesel and natural gas engines, industrial gas turbines and diesel-electric locomotives.",1
Agricultural Bank of China operates in the industry of banking.,1
CVS Health operates in the industry of retailing.,1
UnitedHealth Group has headquarters in Hong Kong.,0
Ping An Insurance (Group) Company of China has headquarters in France.,0
"Ford Motor engages in the manufacture, distribution and sale of automobiles.",1
PNC Financial Services operates in the industry of Aerospace & Defense.,0
BNP Paribas engages in the provision of banking and financial services.,1
"Volkswagen Group operates as a bank holding company that offers financial services, including lending and depository services, cash management, foreign exchange and trust and investment management.",0
AbbVie (ABBV) has headquarters in United States.,1
Generali Group engages in the provision of insurance and financial products.,1
Taiwan Semiconductor Manufacturing Company operates in the industry of Chemicals.,0
Sony operates in the industry of Banking.,0
Abbott Laboratories has headquarters in United States.,1
Wells Fargo has headquarters in United States.,1
Stellantis has headquarters in United States.,0
Oracle operates in the industry of Consumer Durables.,0
Industrial Bank has headquarters in China.,1
CVS Health has headquarters in Canada.,0
Exxon Mobil operates in the industry of Household & Personal Products.,0
Enbridge operates in the industry of Insurance.,0
"Pfizer engages in the discovery, development, manufacturing, marketing, distribution, and selling of biopharmaceutical products worldwide.",1
Thermo Fisher Scientific has headquarters in South Korea.,0
AT&T engages in business of product trading and business investment activities.,0
Mitsubishi UFJ Financial Group has headquarters in Canada.,0
Volkswagen Group operates in the industry of consumer durables.,1
Reliance Industries operates in the industry of Semiconductors.,0
JPMorgan Chase operates as a holding company that engages in the management of its group companies.,0
Fubon Financial engages in the provision of financial services.,1
Generali Group has headquarters in Italy.,1
ArcelorMittal has headquarters in Canada.,0
"Barclays operates as a bank holding company that engages in the business of providing retail banking, credit cards, corporate and investment banking and wealth management services.",1
Postal Savings Bank of China has headquarters in United States.,0
MetLife has headquarters in United States.,1
Capital One operates as a financial holding company that engages in the provision of financial products and services.,1
Itochu engages in business of product trading and business investment activities.,1
Deere & Company has headquarters in United States.,1
"Goldman Sachs Group engages in global investment banking, securities and investment management, which provides financial services.",1
Toyota Motor operates in the industry of Banking.,0
Anthem engages in the provision of products and services that address all aspects of corporate information technology environments.,0
Sumitomo Mitsui Financial operates in the industry of banking.,1
LVMH Moet Hennessy Louis Vuitton operates in the industry of household & personal products.,1
"Munich Reinsurance engages in the discovery, development, manufacture and sale of a broad and diversified line of healthcare products.",0
"Broadcom engages in the ownership and operation of assets of its shareholder and clients with a focus on real estate, renewable power, infrastructure and private equity.",0
Public Joint Stock Company Gazprom operates in the industry of oil & gas operations.,1
Nestle has headquarters in Switzerland.,1
"IBM is an information technology company, which provides integrated solutions that leverage information technology and knowledge of business processes.",1
MetLife has headquarters in Australia.,0
Target has headquarters in United States.,1
Iberdrola operates in the industry of Banking.,0
"KDDI engages in the exploration, production, refining and sale of oil, gas, electricity and chemicals.",0
SAP has headquarters in Germany.,1
Postal Savings Bank of China has headquarters in China.,1
China State Construction Engineering has headquarters in China.,1
"Univlever engages in the production and marketing of consumer goods in the nutrition, hygiene, and personal care categories.",1
Lloyds Banking Group operates in the industry of Consumer Durables.,0
"Shell engages in the discovery, development, manufacture and sale of a broad and diversified line of healthcare products.",0
Prudential Financial has headquarters in United States.,1
"General Motors engages in the designing, manufacturing, and selling of cars, trucks and automobile parts.",1
Pfizer has headquarters in United States.,1
Nippon Telegraph & Telephone is a holding company that engages in the provision of telecommunication services.,1
"Meta Platforms operates in the industry of Food, Drink & Tobacco.",0
China Telecom engages in the provision of telecommunication services.,1
Walt Disney is a diversified international family entertainment and media enterprise.,1
BHP Group has headquarters in Australia.,1
Nestle has headquarters in Mexico.,0
Intel has headquarters in Russia.,0
Nippon Telegraph & Telephone engages in the provision of banking and financial services.,0
Goldman Sachs Group operates in the industry of diversified financials.,1
ENGIE operates in the industry of Drugs & Biotechnology.,0
ConocoPhillips operates in the industry of Semiconductors.,0
Barclays operates in the industry of Retailing.,0
"Bristol Myers Squibb engages in the discovery, development, licensing, manufacture, marketing, distribution and sale of biopharmaceutical products.",1
Amazon.com engages in the manufacture of luxury goods.,0
"Target is a holding company, which engages in the provision of financial services.",0
"Nestle engages in the production and distribution of cars, trucks and vans.",0
"Ford Motor engages in the exploration, production, transport, refining, and marketing of petroleum and petroleum-derived products.",0
Bank of China has headquarters in China.,1
Stellantis has headquarters in Netherlands.,1
"Sony engages in the development, design, manufacture, and sale of electronic equipment, instruments, devices, game consoles, and software for consumers, professionals and industrial markets.",1
Anthem has headquarters in United States.,1
IBM has headquarters in United States.,1
Eni has headquarters in Switzerland.,0
Japan Post Holdings has headquarters in United States.,0
"HCA Healthcare is a health care services company, which engages in operating hospitals, freestanding surgery centers and emergency rooms, and urgent care centers.",1
Citigroup is a holding company that engages in the provision of financial products and services.,1
"Mitsui engages in the designing, manufacturing, and selling of cars, trucks and automobile parts.",0
GlaxoSmithKline has headquarters in Germany.,0
VINCI operates in the industry of Insurance.,0
"UnitedHealth Group engages in the provision of healthcare coverage, software and data consultancy services.",1
"Airbus Group engages in the design, manufacture, delivery and provision of aerospace products, space and related services.",1
Walt Disney has headquarters in United States.,1
Verizon Communications has headquarters in United States.,1
Dow has headquarters in Italy.,0
"Alphabet is a holding company, which engages in the business of acquisition and operation of different companies.",1
Verizon Communications has headquarters in Japan.,0
Sberbank operates in the industry of Consumer Durables.,0
Dell Technologies has headquarters in France.,0
Pfizer engages in the provision of insurance and financial products.,0
Lockheed Martin has headquarters in United States.,1
Medtronic has headquarters in Ireland.,1
"Bank of China engages in the exploration, development, production and sale of crude oil & gas. It also involves in refining, transportation, and sale of petroleum products.",0
"Verizon Communications engages in the exploration, production, refining and sale of oil, gas, electricity and chemicals.",0
Visa operates in the industry of United States.,0
The Home Depot operates in the industry of retailing.,1
Oracle operates in the industry of it software & services.,1
Itau Unibanco Holding has headquarters in China.,0
"Lloyds Banking Group is a financial services company, which engages in the provision of a wide range of banking and financial services.",1
Rio Tinto has headquarters in France.,0
AT&T operates in the industry of telecommunications services.,1
CITIC operates in the industry of Banking.,0
"Electricite de France engages in power generation, transmission, distribution, supply and trading activities.",1
Brookfield Asset Management operates in the industry of Consumer Durables.,0
Merck & Co. has headquarters in Drugs & Biotechnology.,1
Credit Agricole has headquarters in France.,1
Cathay Financial operates in the industry of insurance.,1
Hitachi has headquarters in Japan.,0
PNC Financial Services engages in the operation of membership warehouses.,0
Samsung Group has headquarters in South Korea.,1
Bayerische Motoren Werke (BMW) has headquarters in Germany.,1
BHP Group provides insurance and financial services to individual and institutional customers.,0
BBVA operates in the industry of banking.,1
The Home Depot engages in the provision of telecommunication and information technology services.,0
Toyota Motor has headquarters in United States.,0
"Iberdrola is a holding company that engages in the generation, distribution, trading and marketing of electricity.",1
American Express operates in the industry of diversified financials.,1
Moller - Maersk has headquarters in Australia.,0
Fubon Financial operates in the industry of insurance.,1
AXA operates in the industry of insurance.,1
Alphabet operates in the industry of Oil & Gas Operations.,0
LVMH Moet Hennessy Louis Vuitton engages in the manufacture of luxury goods.,1
"Intel engages in the design, manufacture and sale of computer products and technologies.",1
JPMorgan Chase is a financial holding company. It provides financial and investment banking services.,1
China Merchants Bank has headquarters in United States.,0
Public Joint Stock Company Gazprom has headquarters in Russia.,1
Univlever engages in the provision of banking and financial solutions.,0
Honeywell operates in the industry of conglomerates.,1
Visa has headquarters in United States.,1
ENGIE has headquarters in France.,1
Industrial Bank operates in the industry of banking.,1
Broadcom operates in the industry of semiconductors.,1
Hyundai Motor has headquarters in South Korea.,1
Rosneft operates in the industry of Gas & Oil Operations.,0
BP operates as an integrated oil and gas company.,1
Shell has headquarters in Canada.,0
Raytheon Technologies has headquarters in United States.,1
Walgreens has headquarters in United States.,1
Roche Holding has headquarters in Switzerland.,1
Ford Motor has headquarters in Japan.,0
GlaxoSmithKline has headquarters in United Kingdom.,1
Vale operates in the industry of Banking.,0
Iberdrola has headquarters in Canada.,0
Novartis has headquarters in Japan.,0
Saudi Arabian Oil Company (Saudi Aramco) operates in the industry of oil & gas operations.,1
CNOOC operates in the industry of oil & gas operations.,1
BHP Group operates in the industry of Insurance.,0
Ping An Insurance (Group) Company of China operates in the industry of Banking.,0
Banco Bradesco engages in the provision of financial and insurance services.,1
"Chevron engages in the provision of administrative, financial management and technology support for energy and chemical operations.",1
Raytheon Technologies operates in the industry of Banking.,0
America Movil has headquarters in Switzerland.,0
China Mobile has headquarters in Russia.,0
Anglo American operates in the industry of materials.,1
U.S. Bancorp operates in the industry of banking.,1
Accenture operates in the industry of it software & services.,1
UBS Group operates in the industry of Aerospace & Defense.,0
Chubb has headquarters in China.,0
Brookfield Asset Management operates in the industry of diversified financials.,1
Apple engages in the provision of banking and related financial services.,0
Procter & Gamble is the world's largest home improvement specialty retailer.,0
"Wells Fargo is a diversified, community-based financial services company.",1
Charter Communications operates in the industry of media.,1
Hon Hai Precision has headquarters in United States.,0
SK Hynix operates in the industry of semiconductors.,1
"Prudential Financial engages in the provision of financial products and services including life insurance, annuities, mutual funds, and investment management to both individual and institutional customers.",1
Honeywell operates in the industry of IT Software & Services.,0
China Construction Bank has headquarters in United States.,0
Lockheed Martin has headquarters in Ireland.,0
Saudi Arabian Oil Company (Saudi Aramco) has headquarters in Saudi Arabia.,1
Anthem has headquarters in Spain.,0
Visa engages in the provision of insurance and investment advisory services.,0
China Telecom has headquarters in Germany.,0
Moller - Maersk operates in the industry of transportation.,1
Rosneft has headquarters in United States.,0
General Motors has headquarters in Drugs & Biotechnology.,0
ANZ has headquarters in Australia.,1
Shanghai Pudong Development Bank provides banking and financial services.,1
Caterpillar has headquarters in Rome.,0
"Cisco Systems engages in the exploration, production, refining and sale of oil, gas, electricity and chemicals.",0
"Total produces and markets fuels, natural gas and low-carbon electricity.",1
PNC Financial Services has headquarters in United States.,1
Alibaba Group operates in the industry of Construction.,0
Siemens operates in the industry of conglomerates.,1
"Eni is a global technology company, which designs, develops and supplies semiconductor and infrastructure software solutions.",0
Chevron operates in the industry of Banking.,0
Micron Technology has headquarters in United States.,1
ENGIE has headquarters in United States.,0
Equinor operates in the industry of oil & gas operations.,1
CNOOC has headquarters in Japan.,0
"Truist Financial operates as a financial holding company, which engages in the provision of banking services to individuals, businesses and municipalities.",1
Microsoft operates in the industry of Transportation.,0
AIA Group has headquarters in United States.,0
Costco Wholesale operates in the industry of Materials.,0
BASF is a financial holding company. It provides financial and investment banking services.,0
"Siemens engages in property development, commodity residential building distribution, and property management.",0
Santander has headquarters in Spain.,1
Deutsche Telekom operates as a financial holding company that engages in the provision of financial products and services.,0
Visa operates in the industry of business services & supplies.,1
America Movil operates in the industry of telecommunications services.,1
Apple operates in the industry of Construction.,0
PNC Financial Services operates in the industry of banking.,1
BlackRock has headquarters in United States.,1
Cathay Financial engages in the provision of financial services.,1
CNOOC has headquarters in Hong Kong.,1
Exxon Mobil has headquarters in United States.,1
"China Citic Bank produces and markets fuels, natural gas and low-carbon electricity.",0
Costco Wholesale engages in the operation of membership warehouses.,1
British American Tobacco operates as a global financial services company.,0
Deutsche Telekom engages in the provision of telecommunication and information technology services.,1
Bank of America operates in the industry of Aerospace & Defense.,0
Saudi Arabian Oil Company (Saudi Aramco) operates in the industry of Trading Companies.,0
"BNP Paribas is a financial services company, which engages in the provision of a wide range of banking and financial services.",0
"Sony engages in the provision of digital payment services. It also facilitates global commerce through the transfer of value and information among global network of consumers, merchants, financial institutions, businesses, strategic partners, and government entities.",0
IBM operates in the industry of Insurance.,0
Cathay Financial has headquarters in Russia.,0
"Abbott Laboratories is a holding company that engages in the research and development, manufacture and sale of products in the healthcare field.",0
"HSBC Holdings is a health care services company, which engages in operating hospitals, freestanding surgery centers and emergency rooms, and urgent care centers.",0
Cisco Systems has headquarters in Japan.,0
China Vanke has headquarters in Australia.,0
Microsoft has headquarters in United States.,1
MetLife operates in the industry of insurance.,1
Coca-Cola has headquarters in United States.,1
Oracle engages in the provision of products and services that address all aspects of corporate information technology environments.,1
FedEx has headquarters in United States.,1
China Construction Bank operates in the industry of banking.,1
LukOil has headquarters in China.,0
PepsiCo has headquarters in Australia.,0
Deutsche Post has headquarters in Germany.,1
AXA engages in providing online and mobile marketplaces in retail and wholesale trade.,0
Linde operates in the industry of Construction.,0
Tesla has headquarters in Canada.,0
Westpac Banking operates in the industry of Consumer Durables.,0
SK Hynix operates in the industry of Conglomerates.,0
"BlackRock engages in providing investment management, risk management, and advisory services for institutional and retail clients worldwide.",1
Thermo Fisher Scientific operates in the industry of healthcare equipment & services.,1
ENGIE operates in the industry of oil & gas operations.,1
Electricite de France has headquarters in France.,1
American International Group operates in the industry of insurance.,1
"Vale engages in the production and exportation of iron ore, pellets, manganese and iron alloys, which are raw materials needed for steelmaking.",1
Raytheon Technologies engages in the provision of mail and logistics services.,0
American International Group has headquarters in Ireland.,0
LVMH Moet Hennessy Louis Vuitton has headquarters in Japan.,0
"AbbVie (ABBV) is a research-based biopharmaceutical company, which engages in the development and sale of pharmaceutical products.",1
Hitachi engages in the manufacture and sale of electrical equipment.,1
Shell engages in oil and natural gas production.,1
Apple operates in the industry of technology.,1
Exxon Mobil has headquarters in Switzerland.,0
Citigroup operates in the industry of Telecommunications Services.,0
"Electricite de France engages in the production and marketing of metal, mineral, and energy and agricultural commodities.",0
Raytheon Technologies operates in the industry of aerospace & defense.,1
Barclays operates in the industry of banking.,1
Truist Financial operates in the industry of Banking.,0
Fubon Financial has headquarters in Taiwan.,1
"Mizuho Financial is a banking services company, which engages in the provision of banking services to individuals, companies, and institutions.",0
Linde operates in the industry of chemicals.,1
Credit Agricole has headquarters in Australia.,0
E.ON engages in the provision of energy solutions.,1
Toronto-Dominion Bank provides financial products and services.,1
"Poly Developments & Holdings Group engages in property development, commodity residential building distribution, and property management.",1
Agricultural Bank of China has headquarters in Hong Kong.,0
China Life Insurance operates in the industry of insurance.,1
ConocoPhillips has headquarters in United Kingdom.,0
State Bank of India operates in the industry of Oil & Gas Operations.,0
"ANZ provides banking, financial products and services to retail, small business, corporate and institutional clients.",1
SAP operates in the industry of it software & services.,1
Sanofi engages in the manufacture and sale of semiconductor products.,0
Lockheed Martin operates in the industry of aerospace & defense.,1
United Parcel Service operates in the industry of Banking.,0
Hyundai Motor operates in the industry of Technology.,0
Linde has headquarters in United States.,0
The Home Depot has headquarters in United States.,1
"Lockheed Martin engages in the manufacture, distribution and sale of automobiles.",0
American International Group has headquarters in United States.,1
Honeywell has headquarters in United States.,1
CVS Health engages in the provision of financial products and services.,0
National Australia Bank has headquarters in Australia.,1
Goldman Sachs Group has headquarters in United States.,1
PetroChina operates in the industry of Insurance.,0
Glencore operates in the industry of Telecommunications Services.,0
Oracle has headquarters in United States.,1
HSBC Holdings has headquarters in United Kingdom.,1
Alphabet operates in the industry of it software & services.,1
"CNOOC is a diversified, community-based financial services company.",0
National Australia Bank operates in the industry of Media.,0
"Chubb engages in the discovery, development, licensing, manufacture, marketing, distribution and sale of biopharmaceutical products.",0
"China Mobile engages in the manufacture, marketing, distribution and sale of beverages, food, and snacks.",0
"Johnson & Johnson is a holding company that engages in the research and development, manufacture and sale of products in the healthcare field.",1
Dell Technologies operates in the industry of Media.,0
Sberbank provides commercial banking and financial services.,1
Pfizer has headquarters in China.,0
"Brookfield Asset Management engages in the ownership and operation of assets of its shareholder and clients with a focus on real estate, renewable power, infrastructure and private equity.",1
Bank of Communications has headquarters in China.,1
Toronto-Dominion Bank operates in the industry of banking.,1
Toronto-Dominion Bank has headquarters in United States.,0
ANZ operates in the industry of Semiconductors.,0
Industrial and Commercial Bank of China has headquarters in Germany.,0
Bank of America has headquarters in United States.,1
SK Hynix has headquarters in China.,0
Alibaba Group has headquarters in China.,1
"Bank of America is a holding company that engages in the generation, distribution, trading and marketing of electricity.",0
"ENGIE engages in the provision of electricity, natural gas, and energy related services.",1
Poly Developments & Holdings Group operates as a holding company that engages in the provision of insurance and asset management services.,0
Deutsche Telekom has headquarters in Germany.,1
Mitsubishi UFJ Financial Group has headquarters in Japan.,1
National Australia Bank engages in the provision of banking and financial services.,1
Sony has headquarters in United States.,0
"American International Group engages in the provision of a range of property casualty insurance, life insurance, retirement products, and other financial services to commercial and individual customers.",1
Citigroup engages in the provision of banking and related financial services.,0
China Life Insurance has headquarters in Germany.,0
General Motors has headquarters in United States.,1
Bayerische Motoren Werke (BMW) operates in the industry of Insurance.,0
AXA has headquarters in France.,1
Morgan Stanley operates in the industry of Chemicals.,0
China Shenhua Energy has headquarters in China.,1
BP engages in the provision of financial products and banking services.,0
"Nestle is a nutrition, health and wellness company that engages in the manufacture, supply and production of prepared dishes and cooking aids, milk-based products, pharmaceuticals and ophthalmic goods, baby foods and cereals.",1
"Mizuho Financial operates as a holding company which engages in the provision of financial services such as banking, trust banking, securities, and other businesses.",1
Tencent Holdings operates in the industry of Retailing.,0
Caterpillar operates in the industry of capital goods.,1
"Cathay Financial engages in the production and marketing of consumer goods in the nutrition, hygiene, and personal care categories.",0
Intesa Sanpaolo operates as a financial holding company that engages in the provision of financial products and services.,0
Enbridge has headquarters in United States.,0
Accenture has headquarters in United States.,0
BBVA has headquarters in Spain.,1
Moller - Maersk operates in the industry of IT Software & Services.,0
Fubon Financial has headquarters in Canada.,0
Target operates in the industry of retailing.,1
American Express has headquarters in France.,0
Itochu has headquarters in United States.,0
Intesa Sanpaolo operates in the industry of Trading Companies.,0
Munich Reinsurance has headquarters in Germany.,1
Truist Financial has headquarters in United Kingdom.,0
Manulife engages in business of product trading and business investment activities.,0
Chevron operates in the industry of oil & gas operations.,1
Tencent Holdings is an investment company that engages in the provision of value-added services and online advertising services.,1
Prudential Financial operates in the industry of Oil & Gas Operations.,0
Shanghai Pudong Development Bank operates in the industry of banking.,1
"Stellantis operates in the industry of Food, Drink & Tobacco.",0
"Honda Motor engages in oil and gas exploration, production, and distribution activities.",0
Tencent Holdings operates in the industry of it software & services.,1
Ford Motor has headquarters in United States.,1
CVS Health operates in the industry of Banking.,0
Petrobras has headquarters in France.,0
Bank of America operates in the industry of banking.,1
Meta Platforms operates as a social networking company worldwide.,1
Medtronic operates in the industry of Banking.,0
HSBC Holdings has headquarters in United States.,0
Lloyds Banking Group has headquarters in United States.,0
State Bank of India has headquarters in Spain.,0
"Rosneft engages in the exploration, development, production and sale of crude oil & gas. It also involves in refining, transportation, and sale of petroleum products.",1
China Vanke has headquarters in China.,1
"BlackRock is a mining company, which engages in the exploration and mining of precious base metals and ferrous metals.",0
SK Hynix has headquarters in South Korea.,1
Total has headquarters in Germany.,0
Exxon Mobil operates in the industry of oil & gas operations.,1
IBM has headquarters in Germany.,0
"Coca-Cola is a nonalcoholic beverage company that engages in the manufacture, market, and sale of non-alcoholic beverages, including sparkling soft drinks, water, sports drinks, tea, coffee and energy drinks.",1
Anglo American has headquarters in United Kingdom.,1
"Microsoft engages in the development and support of software, services, devices, and solutions.",1
Iberdrola operates in the industry of utilities.,1
Anheuser-Busch InBev has headquarters in Denmark.,0
HSBC Holdings operates in the industry of Oil & Gas Operations.,0
China Telecom operates in the industry of telecommunications services.,1
Barclays operates as a social networking company worldwide.,0
"Japan Post Holdings Japan Post Holdings Co., Ltd. manages its group companies that are engaged in postal, banking, and insurance businesses.",1
SoftBank operates as a holding company that engages in the management of its group companies.,1
Novartis operates in the industry of drugs & biotechnology.,1
Ford Motor operates in the industry of consumer durables.,1
E.ON operates in the industry of Insurance.,0
Itau Unibanco Holding provides financial products and services to individual and corporate clients in Brazil and abroad.,1
Roche Holding operates in the industry of Insurance.,0
Industrial and Commercial Bank of China operates in the industry of Banking.,0
"China State Construction Engineering engages in the following business activities: housing construction, real estate development and investment, infrastructure construction and investment, prospecting and design, and overseas industries.",1
Chevron engages in the provision of insurance and investment advisory services.,0
Cigna Corporation operates in the industry of insurance.,1
Truist Financial operates in the industry of banking.,1
"Reliance Industries engages in hydrocarbon exploration and production, petroleum refining and marketing, petrochemicals, retail and telecommunications.",1
Electricite de France operates in the industry of utilities.,1
Johnson & Johnson operates in the industry of Consumer Durables.,0
BlackRock operates in the industry of diversified financials.,1
Vale operates in the industry of materials.,1
Procter & Gamble operates in the industry of Diversified Financials.,0
"AIA Group is an investment holding company, which engages in the provision of life insurance.",1
Dow operates in the industry of Banking.,0
LukOil has headquarters in Russia.,1
RBC engages in the provision of banking and financial solutions.,1
Micron Technology operates in the industry of semiconductors.,1
Reliance Industries provides banking and financial services to individuals and institutions.,0
Bristol Myers Squibb has headquarters in China.,0
Enel has headquarters in Netherlands.,0
Tesla engages in the manufacture and sale of automobiles and motorcycles.,0
VINCI has headquarters in France.,1
"Glencore engages in the production and marketing of metal, mineral, and energy and agricultural commodities.",1
JPMorgan Chase has headquarters in United States.,1
United Parcel Service operates as a logistics and package delivery company providing supply chain management services.,1
Enbridge has headquarters in Canada.,1
"Honeywell operates as a bank holding company that offers financial services, including lending and depository services, cash management, foreign exchange and trust and investment management.",0
"Equinor engages in the exploration, production, transport, refining, and marketing of petroleum and petroleum-derived products.",1
"Glencore engages in the exploration, production, transportation and marketing of crude oil, bitumen, natural gas, natural gas liquids and liquefied natural gas on a worldwide basis.",0
Berkshire Hathaway has headquarters in United States.,1
JPMorgan Chase operates in the industry of Banking.,0
HDFC Bank has headquarters in Australia.,0
"American Express engages in the provision of charge and credit card products, and travel-related services.",1
"FedEx is a holding company, which engages in the provision of a portfolio of transportation, e-commerce, and business services.",1
Sumitomo Mitsui Financial has headquarters in Japan.,1
Linde has headquarters in United Kingdom.,1
"Tesla engages in the design, development, manufacture, and sale of fully electric vehicles, energy generation and storage systems.",1
Toyota Motor has headquarters in Japan.,1
China Vanke operates in the industry of construction.,1
Total operates in the industry of oil & gas operations.,1
"AbbVie (ABBV) engages in the exploration, development, production, and processing of iron ore, metallurgical coal, and copper.",0
VINCI has headquarters in South Korea.,0
Enel has headquarters in Rome.,1
Sumitomo Mitsui Financial operates in the industry of Utilities.,0
Lowe's has headquarters in Australia.,0
"Honda Motor engages in the manufacture and sale of automobiles, motorcycles and power products.",1
HDFC Bank operates in the industry of banking.,1
"Rio Tinto provides banking, financial products and services to retail, small business, corporate and institutional clients.",0
Truist Financial operates as a research healthcare company.,0
Hitachi operates in the industry of conglomerates.,1
Bank of Communications has headquarters in United States.,0
Sony has headquarters in Japan.,1
Vale has headquarters in Brazil.,1
Coca-Cola operates in the industry of Oil & Gas Operations.,0
BNP Paribas operates in the industry of banking.,1
China Merchants Bank engages in the provision of corporate and personal banking services.,1
"Medtronic is a medical technology company, which engages in the development, manufacture, distribution, and sale of device-based medical therapies and services.",1
HCA Healthcare operates in the industry of health care equipment & services.,1
Bayerische Motoren Werke (BMW) engages in the provision of financial and insurance services.,0
CITIC has headquarters in Russia.,0
LVMH Moet Hennessy Louis Vuitton operates in the industry of Semiconductors.,0
Poly Developments & Holdings Group has headquarters in United States.,0
Tesla operates in the industry of consumer durables.,1
"Siemens is a U.S. subsidiary of Siemens AG, a global powerhouse focusing on the areas of power generation and distribution, intelligent infrastructure for buildings and distributed energy systems, and automation and digitalization in the process and manufacturing industries.",1
Industrial and Commercial Bank of China has headquarters in China.,1
FedEx is a holding company that engages in the provision of telecommunications media and technology service.,0
China Mobile operates as an investment holding company.,1
Hyundai Motor has headquarters in China.,0
China Petroleum & Chemical has headquarters in China.,1
Bank of Montreal operates in the industry of banking.,1
Reliance Industries has headquarters in India.,1
ING Group has headquarters in Russia.,0
"Commonwealth Bank of Australia is a nonalcoholic beverage company that engages in the manufacture, market, and sale of non-alcoholic beverages, including sparkling soft drinks, water, sports drinks, tea, coffee and energy drinks.",0
"PepsiCo engages in the manufacture, marketing, distribution and sale of beverages, food, and snacks.",1
AIA Group operates in the industry of Electricity & Gas.,0
"China Petroleum & Chemical engages in the manufacture, marketing, distribution and sale of beverages, food, and snacks.",0
Anheuser-Busch InBev operates in the industry of Insurance.,0
Capital One has headquarters in United States.,1
Abbott Laboratories operates in the industry of healthcare equipment & services.,1
Bank of Communications operates in the industry of Technology.,0
Target engages in owning and operating of general merchandise stores.,1
Cigna Corporation engages in the provision of global health services.,1
"LVMH Moet Hennessy Louis Vuitton is a holding company, which engages in the development, manufacture, and marketing of healthcare products.",0
China State Construction Engineering has headquarters in Canada.,0
Hitachi engages in the provision of services utilizing the function of general trading.,0
Taiwan Semiconductor Manufacturing Company engages in the manufacture and sale of integrated circuits and wafer semiconductor devices.,1
Hyundai Motor engages in the manufacture and distribution of motor vehicles and parts.,1
"Rosneft is a banking services company, which engages in the provision of banking services to individuals, companies, and institutions.",0
Chubb has headquarters in Switzerland.,1
"Comcast is a media, entertainment and communications company that engages in the provision of video, Internet and phone services.",1
SoftBank engages in the provision of insurance and investment advisory services.,0
Honeywell has headquarters in Taiwan.,0
Electricite de France operates in the industry of Materials.,0
United Parcel Service operates in the industry of transportation.,1
Comcast operates in the industry of media.,1
China Shenhua Energy has headquarters in Japan.,0
Agricultural Bank of China has headquarters in China.,1
Zurich Insurance engages in the provision of commercial banking and financial services.,0
Westpac Banking engages in the provision of banking and financial services.,1
AIA Group operates in the industry of insurance.,1
Tesla has headquarters in United States.,1
Munich Reinsurance engages in the provision of insurance and reinsurance services.,1
Ping An Insurance (Group) Company of China operates in the industry of insurance.,1
Telefonica engages in the provision of insurance and financial products.,0
Procter & Gamble operates in the industry of household & personal products.,1
"Lockheed Martin operates as a global security and aerospace company, which engages in the research, design, development, manufacture, integration, and sustainment of technology systems, products, and services.",1
"Comcast engages in the production and marketing of metal, mineral, and energy and agricultural commodities.",0
Bayerische Motoren Werke (BMW) operates in the industry of consumer durables.,1
SoftBank has headquarters in Japan.,1
ArcelorMittal operates in the industry of Gas & Oil Operations.,0
Micron Technology operates as a logistics and package delivery company providing supply chain management services.,0
Nippon Telegraph & Telephone operates in the industry of telecommunications services.,1
Canadian Imperial Bank of Commerce engages in the provision of banking and financial services.,0
Charter Communications has headquarters in United States.,1
Zurich Insurance operates in the industry of insurance.,1
Micron Technology has headquarters in France.,0
Mizuho Financial operates in the industry of banking.,1
Stellantis operates in the industry of consumer durables.,1
Capital One operates in the industry of IT Software & Services.,0
Reliance Industries has headquarters in Canada.,0
"Public Joint Stock Company Gazprom is a global energy company that engages in geological exploration, production, transportation, storage, processing and sales of gas, gas condensate and oil.",1
Lowe's engages in the retail sale of home improvement products.,1
Westpac Banking has headquarters in Brazil.,0
PepsiCo operates in the industry of Insurance.,0
Credit Agricole operates in the industry of banking.,1
Barclays has headquarters in Russia.,0
Zurich Insurance has headquarters in China.,0
Nippon Telegraph & Telephone has headquarters in Germany.,0
Ping An Insurance (Group) Company of China has headquarters in China.,1
Bank of America has headquarters in Norway.,0
Volkswagen Group operates in the industry of Telecommunications Services.,0
HSBC Holdings operates in the industry of banking.,1
BBVA operates in the industry of Household & Personal Products.,0
"British American Tobacco operates in the industry of food, drink & tobacco.",1
Bristol Myers Squibb engages in the provision of global health services.,0
Walt Disney operates in the industry of Aerospace & Defense.,0
Costco Wholesale has headquarters in United States.,1
HSBC Holdings engages in the provision of banking and financial services.,1
Linde engages in owning and operating of general merchandise stores.,0
Iberdrola has headquarters in Spain.,1
China Merchants Bank has headquarters in China.,1
"Allianz is a media, entertainment and communications company that engages in the provision of video, Internet and phone services.",0
Industrial and Commercial Bank of China engages in the provision of commercial banking and financial services.,1
"Total engages in the design, development and manufacturing of nanotechnology, heat transfer, wireless connectivity and material sciences products.",0
Deutsche Post engages in the provision of mail and logistics services.,1
Meta Platforms has headquarters in Hong Kong.,0
AXA operates in the industry of Semiconductors.,0
ArcelorMittal operates in the industry of materials.,1
Intel has headquarters in United States.,1
CITIC has headquarters in Hong Kong.,1
Samsung Group has headquarters in United States.,0
Bayerische Motoren Werke (BMW) has headquarters in Australia.,0
Itochu operates in the industry of trading companies.,1
Duke Energy operates in the industry of utilities.,1
"Abbott Laboratories engages in the discovery, development, manufacture and sale of a broad and diversified line of healthcare products.",1
"Novartis operates as a medical company, which designs, manufactures, and markets professional, medical, industrial and commercial products and services.",0
UBS Group has headquarters in United States.,0
Credit Agricole operates in the industry of Banking.,0
Ford Motor operates in the industry of Chemicals.,0
Petrobras operates in the industry of Retailing.,0
Rosneft has headquarters in Russia.,1
Mitsui operates in the industry of trading companies.,1
"Petrobras engages in oil and gas exploration, production, and distribution activities.",1
Apple has headquarters in Canada.,0
Glencore has headquarters in China.,0
"Verizon Communications is a holding company that engages in the provision of communications, information and entertainment products and services to consumers, businesses and governmental agencies.",1
"Dell Technologies is a holding company, which engages in the provision of information technology hardware, software, and service solutions through its subsidiaries.",1
Manulife has headquarters in Russia.,0
Dell Technologies has headquarters in United States.,1
Samsung Group operates in the industry of technology.,1
Bank of Montreal provides banking and financial services to individuals and institutions.,1
"Saudi Arabian Oil Company (Saudi Aramco) engages in the exploration, development and production of crude oil and natural gas.",0
FedEx operates in the industry of Insurance.,0
American Express has headquarters in United States.,1
Hitachi operates in the industry of Health Care Equipment & Services.,0
Univlever has headquarters in United Kingdom.,1
Toyota Motor engages in the manufacture and sale of motor vehicles and parts.,1
Roche Holding has headquarters in United States.,0
BNP Paribas operates in the industry of Banking.,0
AT&T has headquarters in Switzerland.,0
ING Group operates in the industry of diversified financials.,1
Danaher operates in the industry of conglomerates.,1
BP operates in the industry of Consumer Durables.,0
ANZ operates in the industry of banking.,1
Abbott Laboratories operates in the industry of Consumer Durables.,0
"China Life Insurance engages in the provision of life, annuity, accident, and health insurance.",1
Eni operates in the industry of Banking.,0
"Brookfield Asset Management engages in the production and marketing of consumer goods in the nutrition, hygiene, and personal care categories.",0
"Banco Bradesco is a holding company, which engages in the provision of financial services.",0
Procter & Gamble has headquarters in United States.,1
Honda Motor has headquarters in United States.,0
Enel operates in the industry of Trading Companies.,0
Sanofi operates in the industry of Construction.,0
"Cigna Corporation is a medical technology company, which engages in the development, manufacture, distribution, and sale of device-based medical therapies and services.",0
America Movil has headquarters in Mexico.,1
BP has headquarters in France.,0
Walt Disney operates in the industry of media.,1
Shell has headquarters in Netherlands.,1
Total has headquarters in France.,1
RBC has headquarters in Canada.,1
"Costco Wholesale is a medical technology company, which engages in the development, manufacture, distribution, and sale of device-based medical therapies and services.",0
Bank of China has headquarters in France.,0
LukOil operates in the industry of oil & gas operations.,1
Micron Technology operates in the industry of Banking.,0
"Intel is a holding company, which engages in steelmaking and mining activities.",0
Shanghai Pudong Development Bank has headquarters in United States.,0
State Bank of India has headquarters in India.,1
Duke Energy engages in distribution of natural gas and energy related services.,1
Anglo American operates in the industry of Construction.,0
"Nestle operates in the industry of food, drink & tobacco.",1
Rio Tinto operates in the industry of Oil & Gas Operations.,0
China Life Insurance operates in the industry of Utilities.,0
Mitsui has headquarters in Japan.,1
Dell Technologies operates in the industry of technology hardware & equipment.,1
Generali Group operates in the industry of insurance.,1
Toronto-Dominion Bank operates in the industry of Materials.,0
Commonwealth Bank of Australia has headquarters in United Kingdom.,0
Morgan Stanley operates in the industry of diversified financials.,1
Caterpillar engages in the provision of insurance and reinsurance services.,0
Airbus Group operates in the industry of Telecommunications Services.,0
UnitedHealth Group operates in the industry of insurance.,1
Mizuho Financial operates in the industry of Insurance.,0
Chubb operates in the industry of Banking.,0
"Anheuser-Busch InBev operates as a holding company, which engages in the manufacture and distribution of alcoholic and non-alcoholic beverages.",1
Meta Platforms operates in the industry of it software & services.,1
"Eni engages in the exploration, production, refining and sale of oil, gas, electricity and chemicals.",1
Merck & Co. operates in the industry of united states.,1
"Industrial Bank engages in the provision of corporate and personal banking services, financial lease, assets custody services and conducting treasury business.",1
E.ON operates in the industry of utilities.,1
"Honeywell is a software industrial company, which offers industry specific solutions to aerospace and automotive products and services.",1
Industrial Bank operates in the industry of Telecommunications Services.,0
Telefonica operates in the industry of telecommunications services.,1
"Zurich Insurance is a holding company, which engages in the provision of insurance products and related services.",1
Public Joint Stock Company Gazprom engages in the retail sale of home improvement products.,0
Tokio Marine Holdings operates in the industry of insurance.,1
Generali Group operates in the industry of Diversified Financials.,0
Cigna Corporation has headquarters in Switzerland.,0
Johnson & Johnson has headquarters in United States.,1
Charles Schwab Corporation operates in the industry of Materials.,0
Equinor operates in the industry of Capital Goods.,0
Banco Bradesco has headquarters in United States.,0
Alphabet has headquarters in United States.,1
Itau Unibanco Holding operates in the industry of IT Software & Services.,0
"General Motors operates in the industry of Food, Drink & Tobacco.",0
Vale engages in the provision of healthcare services.,0
Total operates in the industry of Retailing.,0
Danaher has headquarters in United States.,1
Airbus Group has headquarters in United States.,0
VINCI engages in the provision of mail and logistics services.,0
Nippon Telegraph & Telephone operates in the industry of Oil & Gas Operations.,0
ANZ has headquarters in United States.,0
SAP engages in the provision of enterprise application software and software-related services.,1
"BBVA engages in the traditional banking businesses of retail banking, asset management, private banking, and wholesale banking.",1
AbbVie (ABBV) operates in the industry of Healthcare Equipment & Services.,0
Danaher operates in the industry of Chemicals.,0
Thermo Fisher Scientific operates in the industry of Consumer Durables.,0
Ping An Insurance (Group) Company of China provides commercial banking and financial services.,0
Cigna Corporation operates in the industry of Utilities.,0
Dell Technologies operates as a logistics and package delivery company providing supply chain management services.,0
Berkshire Hathaway operates in the industry of diversified financials.,1
KDDI operates in the industry of telecommunications services.,1
AIA Group has headquarters in Hong Kong.,1
"Deere & Company is a nonalcoholic beverage company that engages in the manufacture, market, and sale of non-alcoholic beverages, including sparkling soft drinks, water, sports drinks, tea, coffee and energy drinks.",0
Chevron has headquarters in United States.,1
Duke Energy has headquarters in United States.,1
"American International Group is a holding company, which engages in the business of acquisition and operation of different companies.",0
China State Construction Engineering operates in the industry of construction.,1
AbbVie (ABBV) operates in the industry of drugs & biotechnology.,1
"Generali Group is a holding company, which engages in the development, manufacture, and marketing of healthcare products.",0
"Alphabet engages in the exploration, production, refining and sale of oil, gas, electricity and chemicals.",0
Tokio Marine Holdings is an investment company that engages in the provision of value-added services and online advertising services.,0
China Citic Bank has headquarters in China.,1
State Bank of India operates in the industry of banking.,1
Brookfield Asset Management has headquarters in Canada.,1
Amazon.com has headquarters in Italy.,0
Intel operates in the industry of Banking.,0
Westpac Banking has headquarters in Australia.,1
Bank of Nova Scotia operates in the industry of IT Software & Services.,0
Univlever operates in the industry of household & personal products.,1
RBC has headquarters in United States.,0
Comcast has headquarters in United States.,1
Target has headquarters in Germany.,0
KDDI engages in the telecommunications business.,1
Telefonica operates in the industry of Banking.,0
Chubb operates in the industry of insurance.,1
Barclays has headquarters in United Kingdom.,1
"America Movil is a holding company, which engages in the provision of a portfolio of transportation, e-commerce, and business services.",0
UBS Group has headquarters in Switzerland.,1
GlaxoSmithKline operates in the industry of Banking.,0
China Shenhua Energy operates in the industry of materials.,1
FedEx operates in the industry of transportation.,1
Petrobras operates in the industry of oil & gas operations.,1
"Berkshire Hathaway provides property and casualty insurance and reinsurance, utilities and energy, freight rail transportation, finance, manufacturing, retailing, and services.",1
Volkswagen Group has headquarters in United States.,0
Medtronic operates in the industry of health care equipment & services.,1
"Mitsubishi UFJ Financial Group operates as a holding company, which provides financial services through its subsidiaries.",1
Credit Agricole operates as a holding company that engages in the management of its group companies.,0
Micron Technology engages in the provision of innovative memory and storage solutions.,1
British American Tobacco has headquarters in India.,0
"Hon Hai Precision is a holding company, which engages in the development, manufacture, and marketing of healthcare products.",0
China Mobile operates in the industry of Consumer Durables.,0
Siemens has headquarters in United States.,0
"Raytheon Technologies engages in the provision of aerospace and defense systems and services for commercial, military and government customers.",1
HCA Healthcare has headquarters in United States.,1
Japan Post Holdings operates in the industry of insurance.,1
CNOOC operates in the industry of Insurance.,0
"The Home Depot operates in the industry of Food, Drink & Tobacco.",0
Walmart is a holding company that engages in the provision of telecommunications media and technology service.,0
"Samsung Group engages in the exploration, production, refining and sale of oil, gas, electricity and chemicals.",0
Procter & Gamble has headquarters in Luxembourg.,0
Microsoft engages in the provision of global health services.,0
"ANZ is a software industrial company, which offers industry specific solutions to aerospace and automotive products and services.",0
"Visa engages in the provision of digital payment services. It also facilitates global commerce through the transfer of value and information among global network of consumers, merchants, financial institutions, businesses, strategic partners, and government entities.",1
Mercedes-Benz Group operates in the industry of Aerospace & Defense.,0
Bank of Montreal has headquarters in Japan.,0
"UBS Group engages in oil and gas exploration, production, and distribution activities.",0
Toronto-Dominion Bank has headquarters in Canada.,1
"Dow is a materials science company, combining science and technology to develop innovative solutions.",1
"GlaxoSmithKline is a healthcare company that engages in the research, development and manufacture of pharmaceutical medicines, vaccines and consumer healthcare products.",1
Sanofi has headquarters in United States.,0
Honda Motor has headquarters in Japan.,1
Itochu operates in the industry of Transportation.,0
China State Construction Engineering operates in the industry of Telecommunications Services.,0
PNC Financial Services has headquarters in Japan.,0
Bristol Myers Squibb operates in the industry of drugs & biotechnology.,1
Verizon Communications operates in the industry of Conglomerates.,0
Accenture has headquarters in Ireland.,1
Anthem operates in the industry of drugs & biotechnology.,1
Allianz operates in the industry of insurance.,1
"Charles Schwab Corporation is a savings and loan holding company, which engages in the provision of wealth management, securities brokerage, banking, asset management, custody, and financial advisory services.",1
Sanofi has headquarters in France.,1
Santander has headquarters in United States.,0
"Anthem provides life, hospital and medical insurance plans.",1
Airbus Group has headquarters in Netherlands.,1
Berkshire Hathaway has headquarters in China.,0
Johnson & Johnson provides insurance and financial services to individual and institutional customers.,0
Verizon Communications operates in the industry of telecommunications services.,1
"Medtronic is a holding company, which engages in the development, manufacture, and marketing of healthcare products.",0
Tesla operates in the industry of Transportation.,0
"Chubb operates as a holding company, which engages in the provision of commercial and personal property and casualty insurance, personal accident and supplemental health insurance (A&H), reinsurance, and life insurance.",1
Canadian Imperial Bank of Commerce operates in the industry of banking.,1
Mitsubishi UFJ Financial Group operates in the industry of banking.,1
China Vanke operates in the industry of Consumer Durables.,0
China Citic Bank operates in the industry of Banking.,0
KDDI has headquarters in Japan.,1
Zurich Insurance has headquarters in Switzerland.,1
E.ON has headquarters in France.,0
Glencore has headquarters in Switzerland.,1
ING Group engages in the manufacture and sale of electrical equipment.,0
British American Tobacco operates in the industry of Banking.,0
Electricite de France has headquarters in Russia.,0
Coca-Cola provides insurance and financial services to individual and institutional customers.,0
Citigroup operates in the industry of diversified financials.,1
"Toyota Motor engages in the development, design, manufacture, and sale of electronic equipment, instruments, devices, game consoles, and software for consumers, professionals and industrial markets.",0
"Target operates in the industry of Food, Drink & Tobacco.",0
Broadcom operates in the industry of Capital Goods.,0
"China State Construction Engineering engages in the provision of analytical instruments, equipment, reagents and consumables, software and services for research, analysis, discovery and diagnostics.",0
United Parcel Service has headquarters in United States.,1
MetLife operates in the industry of Consumer Durables.,0
"China Telecom is a health care services company, which engages in operating hospitals, freestanding surgery centers and emergency rooms, and urgent care centers.",0
PetroChina operates in the industry of oil & gas operations.,1
Siemens has headquarters in Germany.,1
Sanofi operates in the industry of drugs & biotechnology.,1
Novartis has headquarters in Switzerland.,1
Nippon Telegraph & Telephone has headquarters in Japan.,1
Bank of China operates in the industry of Conglomerates.,0
"Mitsubishi engages in the exploration, production, transportation and marketing of crude oil, bitumen, natural gas, natural gas liquids and liquefied natural gas on a worldwide basis.",0
Walt Disney has headquarters in Germany.,0
Charles Schwab Corporation engages in the development and sale of properties.,0
Hon Hai Precision operates in the industry of Consumer Durables.,0
Vale has headquarters in China.,0
General Motors engages in the provision of healthcare services.,0
China Mobile has headquarters in Hong Kong.,1
Hyundai Motor operates in the industry of consumer durables.,1
"Bank of Nova Scotia engages in the provision of aerospace and defense systems and services for commercial, military and government customers.",0
ConocoPhillips engages in the provision of banking and financial services.,0
"ArcelorMittal engages in the manufacturing and distribution of equipment used in agriculture, construction, forestry, and turf care.",0
RBC operates in the industry of Insurance.,0
"ConocoPhillips engages in the exploration, production, transportation and marketing of crude oil, bitumen, natural gas, natural gas liquids and liquefied natural gas on a worldwide basis.",1
Charles Schwab Corporation has headquarters in Japan.,0
Manulife operates in the industry of Diversified Financials.,0
"Rio Tinto engages in the exploration, mining, and processing of mineral resources.",1
Itau Unibanco Holding operates in the industry of banking.,1
Walgreens engages in the provision of drug store services.,1
"Wells Fargo engages in the discovery, development, manufacture and sale of a broad and diversified line of healthcare products.",0
Taiwan Semiconductor Manufacturing Company has headquarters in Taiwan.,1
Deere & Company operates in the industry of Banking.,0
Itochu engages in oil and natural gas production.,0
Intel operates in the industry of semiconductors.,1
Tokio Marine Holdings has headquarters in Japan.,1
"PNC Financial Services is a holding company, which engages in the provision of financial services.",1
Industrial Bank engages in owning and operating of general merchandise stores.,0
National Australia Bank has headquarters in United States.,0
China Merchants Bank operates in the industry of Consumer Durables.,0
"Bank of Nova Scotia engages in the provision of financial products and services, including personal, commercial, corporate, and investment banking.",1
Anglo American has headquarters in United States.,0
Danaher engages in the provision of insurance and investment advisory services.,0
HCA Healthcare operates in the industry of Transportation.,0
Equinor has headquarters in United States.,0
Saudi Arabian Oil Company (Saudi Aramco) has headquarters in Switzerland.,0
Sony operates in the industry of consumer durables.,1
Prudential Financial has headquarters in China.,0
Truist Financial has headquarters in United States.,1
Deutsche Post has headquarters in Switzerland.,0
FedEx has headquarters in Taiwan.,0
Taiwan Semiconductor Manufacturing Company has headquarters in China.,0
Broadcom has headquarters in United States.,1
Roche Holding operates as a research healthcare company.,1
Canadian Imperial Bank of Commerce has headquarters in Canada.,1
"Shanghai Pudong Development Bank is a materials science company, combining science and technology to develop innovative solutions.",0
Intesa Sanpaolo engages in the provision of financial products and banking services.,1
"China Construction Bank engages in the research, production and distribution of pharmaceutical products.",0
Mitsui operates in the industry of Retailing.,0
Canadian Imperial Bank of Commerce has headquarters in Brazil.,0
"SAP is an investment holding company that engages in the exploration, development, production and sale of crude oil, natural gas and other petroleum products through its subsidiaries.",0
HDFC Bank has headquarters in India.,1
Merck & Co. operates in the industry of Telecommunications Services.,0
Walgreens operates in the industry of Banking.,0
MetLife provides insurance and financial services to individual and institutional customers.,1
Lloyds Banking Group has headquarters in United Kingdom.,1
"CNOOC is an investment holding company that engages in the exploration, development, production and sale of crude oil, natural gas and other petroleum products through its subsidiaries.",1
"LukOil engages in the exploration, production, refining, marketing and distribution of oil.",1
"Coca-Cola operates in the industry of food, drink & tobacco.",1
Intesa Sanpaolo operates in the industry of banking.,1
"Duke Energy is a financial services company, which engages in the provision of a wide range of banking and financial services.",0
CITIC operates in the industry of trading companies.,1
"Roche Holding is a media, entertainment and communications company that engages in the provision of video, Internet and phone services.",0
Industrial and Commercial Bank of China operates in the industry of banking.,1
China Telecom operates in the industry of Materials.,0
AT&T is a holding company that engages in the provision of telecommunications media and technology service.,1
Coca-Cola has headquarters in South Korea.,0
Deutsche Telekom has headquarters in France.,0
Allianz has headquarters in Brazil.,0
AbbVie (ABBV) has headquarters in Germany.,0
BlackRock operates in the industry of Materials.,0
Anheuser-Busch InBev has headquarters in Belgium.,1
Agricultural Bank of China engages in the provision of banking and financial services.,0
Pfizer operates in the industry of drugs & biotechnology.,1
UnitedHealth Group engages in the provision of financial services.,0
SoftBank has headquarters in France.,0
Merck & Co. engages in the provision of banking and financial services.,0
Morgan Stanley operates as a global financial services company.,1
Moller - Maersk engages in the provision of financial and insurance services.,0
American International Group operates in the industry of Insurance.,0
Munich Reinsurance operates in the industry of Banking.,0
Allianz operates in the industry of Drugs & Biotechnology.,0
Lowe's operates in the industry of Media.,0
"PepsiCo engages in the provision of analytical instruments, equipment, reagents and consumables, software and services for research, analysis, discovery and diagnostics.",0
"HDFC Bank engages in the provision of banking and financial services, including commercial banking and treasury operations.",1
"PetroChina engages in the petroleum related products, services and activities.",1
"Thermo Fisher Scientific engages in the provision of analytical instruments, equipment, reagents and consumables, software and services for research, analysis, discovery and diagnostics.",1
BP operates in the industry of oil & gas operations.,1
Charles Schwab Corporation operates in the industry of diversified financials.,1
E.ON has headquarters in Germany.,1
Deere & Company operates in the industry of capital goods.,1
China Citic Bank has headquarters in United States.,0
Itau Unibanco Holding operates as a research healthcare company.,0
"AIA Group engages in the design, manufacture and sale of computer products and technologies.",0
Fubon Financial engages in the provision of broadband communications services.,0
Postal Savings Bank of China engages in the provision of banking and related financial services.,1
Stellantis engages in distribution of natural gas and energy related services.,0
China Construction Bank engages in the provision of a wide range of financial services to corporate and personal customers.,1
Glencore operates in the industry of materials.,1
Broadcom has headquarters in United Kingdom.,0
CVS Health engages in the provision of healthcare services.,1
Univlever has headquarters in Japan.,0
Public Joint Stock Company Gazprom operates in the industry of Insurance.,0
Abbott Laboratories has headquarters in Germany.,0
Lowe's operates in the industry of retailing.,1
Santander operates in the industry of banking.,1
Agricultural Bank of China engages in the provision of international commercial banking and financial services.,1
Bank of China operates in the industry of banking.,1
America Movil operates in the industry of Consumer Durables.,0
China Mobile operates in the industry of telecommunications services.,1
Itochu has headquarters in Japan.,1
"Mercedes-Benz Group engages in the production and distribution of cars, trucks and vans.",1
China Petroleum & Chemical operates in the industry of Oil & Gas Operations.,0
SoftBank operates in the industry of Diversified Financials.,0
Walt Disney engages in the manufacture and sale of automobiles and motorcycles.,0
Tokio Marine Holdings has headquarters in United States.,0
"China Vanke engages in the discovery, development, licensing, manufacture, marketing, distribution and sale of biopharmaceutical products.",0
Shell operates in the industry of Consumer Durables.,0
Alibaba Group has headquarters in Germany.,0
Santander operates in the industry of Consumer Durables.,0
Commonwealth Bank of Australia operates in the industry of banking.,1
"E.ON is a holding company, which engages in the development, manufacture, and marketing of healthcare products.",0
Charter Communications engages in the provision of broadband communications services.,1
"Saudi Arabian Oil Company (Saudi Aramco) engages in the exploration, production, transportation, and sale of crude oil and natural gas.",1
Citigroup has headquarters in Germany.,0
Mitsui engages in the general trading business.,1
"China Life Insurance engages in the provision of healthcare coverage, software and data consultancy services.",0
Charter Communications has headquarters in Canada.,0
China Construction Bank has headquarters in China.,1
BASF operates in the industry of Banking.,0
Alphabet has headquarters in South Korea.,0
Berkshire Hathaway operates in the industry of Transportation.,0
Public Joint Stock Company Gazprom has headquarters in China.,0
Lockheed Martin operates in the industry of Banking.,0
"Stellantis engages in the design, engineering, manufacturing, distribution and sale of automobiles and light commercial vehicles, engines, transmission systems, automotive-related components, metallurgical products and production systems.",1
Deutsche Telekom operates in the industry of telecommunications services.,1
AT&T has headquarters in United States.,1
Accenture operates in the industry of Oil & Gas Operations.,0
Moller - Maersk has headquarters in Denmark.,1
Mitsui has headquarters in China.,0
Goldman Sachs Group operates in the industry of Insurance.,0
China Telecom has headquarters in China.,1
Japan Post Holdings has headquarters in Japan.,1
Lloyds Banking Group is a holding company that engages in the provision of financial products and services.,0
United Parcel Service has headquarters in Japan.,0
IBM operates in the industry of it software & services.,1
Toronto-Dominion Bank engages in the provision of financial products and services.,0
Banco Bradesco has headquarters in Brazil.,1
Allianz engages in the provision of insurance and investment advisory services.,1
Industrial Bank has headquarters in United States.,0
Commonwealth Bank of Australia has headquarters in Australia.,1
Intesa Sanpaolo has headquarters in Brazil.,0
"BBVA is a banking services company, which engages in the provision of banking services to individuals, companies, and institutions.",0
Amazon.com operates in the industry of Semiconductors.,0
SK Hynix engages in the manufacture and sale of semiconductor products.,1
Oracle has headquarters in Ireland.,0
UBS Group operates in the industry of banking.,1
Tokio Marine Holdings engages in the management of its group companies which are in the insurance business.,1
Santander engages in the provision of banking and financial services.,0
"Bank of America is a bank and financial holding company, which engages in the provision of banking and nonbank financial services.",1
ConocoPhillips operates in the industry of oil & gas operations.,1
Deutsche Telekom operates in the industry of Telecommunications Services.,0
Reliance Industries operates in the industry of gas & oil operations.,1
Samsung Group operates in the industry of Banking.,0
Microsoft operates in the industry of it software & services.,1
Meta Platforms engages in the provision of banking and financial services.,0
SAP operates in the industry of Oil & Gas Operations.,0
LukOil operates as a holding company that engages in the provision of insurance and asset management services.,0
Taiwan Semiconductor Manufacturing Company operates in the industry of semiconductors.,1
LVMH Moet Hennessy Louis Vuitton has headquarters in France.,1
Mercedes-Benz Group operates as an integrated oil and gas company.,0
Johnson & Johnson operates in the industry of drugs & biotechnology.,1
U.S. Bancorp engages in the manufacture and sale of motor vehicles and parts.,0
Hitachi has headquarters in United States.,1
"Bank of Montreal engages in the design, manufacture and sale of computer products and technologies.",0
Medtronic has headquarters in Hong Kong.,0
BNP Paribas has headquarters in France.,1
China Petroleum & Chemical operates in the industry of oil & gas operations.,1
"IBM engages in the exploration, mining, and processing of mineral resources.",0
China Petroleum & Chemical has headquarters in South Korea.,0
Mizuho Financial has headquarters in Japan.,1
AXA operates as a holding company that engages in the provision of insurance and asset management services.,1
Cisco Systems operates in the industry of technology hardware & equipment.,1
Bank of Communications operates in the industry of banking.,1
Honda Motor operates in the industry of Chemicals.,0
Allianz has headquarters in Germany.,1
Duke Energy has headquarters in United Kingdom.,0
HDFC Bank operates as a global financial services company.,0
Munich Reinsurance has headquarters in United States.,0
PetroChina has headquarters in South Korea.,0
U.S. Bancorp operates in the industry of Banking.,0
Danaher has headquarters in China.,0
Mizuho Financial has headquarters in Germany.,0
Equinor has headquarters in Norway.,1
Toyota Motor operates in the industry of consumer durables.,1
Walmart has headquarters in United States.,1
Univlever operates in the industry of Banking.,0
Charles Schwab Corporation has headquarters in United States.,1
Sumitomo Mitsui Financial is a holding company that engages in the management of its subsidiaries that provide financial services.,1
Caterpillar has headquarters in United States.,1
Enbridge engages in the provision of gas and oil businesses.,1
Anthem operates in the industry of Health Care Equipment & Services.,0
"Cisco Systems engages in the design, manufacture, and sale of Internet Protocol based networking products and services related to the communications and information technology industry.",1
Walgreens operates in the industry of retailing.,1
China Merchants Bank operates in the industry of banking.,1
Duke Energy operates in the industry of Banking.,0
"ING Group engages in the provision of banking, investments, life and non-life insurance, and retirement and asset management services.",1
"Oracle engages in the design, manufacture and sale of computer products and technologies.",0
Banco Bradesco operates in the industry of Semiconductors.,0
Bank of Nova Scotia operates in the industry of banking.,1
Mitsubishi has headquarters in Germany.,0
"Berkshire Hathaway operates as a financial holding company, which engages in the provision of banking services to individuals, businesses and municipalities.",0
"National Australia Bank is a materials science company, combining science and technology to develop innovative solutions.",0
Westpac Banking operates in the industry of banking.,1
"Japan Post Holdings operates as a holding company, which provides financial services through its subsidiaries.",0
ING Group operates in the industry of Materials.,0
Goldman Sachs Group has headquarters in China.,0
Volkswagen Group has headquarters in Germany.,1
Poly Developments & Holdings Group operates in the industry of Banking.,0
Enel engages in the electricity generation and distribution and distribution of natural gas.,1
Visa has headquarters in Switzerland.,0
"Petrobras engages in shipping, energy, transportation, offshore drilling, and retail activities.",0
Commonwealth Bank of Australia operates in the industry of Insurance.,0
"Danaher operates as a medical company, which designs, manufactures, and markets professional, medical, industrial and commercial products and services.",1
Bristol Myers Squibb has headquarters in United States.,1
"China Citic Bank is a commercial bank, which engages in the provision of corporate and personal banking services.",1
Amazon.com has headquarters in United States.,1
Mercedes-Benz Group operates in the industry of consumer durables.,1
CVS Health has headquarters in United States.,1
Accenture provides financial products and services.,0
Cisco Systems operates in the industry of Banking.,0
"Industrial and Commercial Bank of China engages in the development, design, manufacture, and sale of electronic equipment, instruments, devices, game consoles, and software for consumers, professionals and industrial markets.",0
BBVA has headquarters in United States.,0
"Mitsubishi UFJ Financial Group is a commercial bank, which engages in the provision of corporate and personal banking services.",0
JPMorgan Chase operates in the industry of diversified financials.,1
Fubon Financial operates in the industry of Capital Goods.,0
British American Tobacco British American Tobacco Acts as a financing subsidiary/special purpose entity.,1
Walmart engages in retail and wholesale business.,1
"Bristol Myers Squibb operates in the industry of Food, Drink & Tobacco.",0
Amazon.com engages in the provision of online retail shopping services.,1
LukOil operates in the industry of Oil & Gas Operations.,0
Microsoft has headquarters in Germany.,0
Wells Fargo operates in the industry of Diversified Financials.,0
Merck & Co. has headquarters in Germany.,0
Walmart operates in the industry of Retailing.,0
ArcelorMittal has headquarters in Luxembourg.,1
Exxon Mobil engages in the provision of banking and financial services.,0
Airbus Group operates in the industry of aerospace & defense.,1
SAP has headquarters in United States.,0
Commonwealth Bank of Australia engages in the provision of banking and financial services.,1
BlackRock has headquarters in Russia.,0
Shanghai Pudong Development Bank has headquarters in China.,1
"Canadian Imperial Bank of Commerce is a financial institution, which engages in the provision of banking and wealth management services.",1
Cisco Systems has headquarters in United States.,1
PetroChina has headquarters in China.,1
Deere & Company has headquarters in Saudi Arabia.,0
State Bank of India engages in the electricity generation and distribution and distribution of natural gas.,0
The Home Depot has headquarters in Switzerland.,0
AXA has headquarters in United States.,0
Airbus Group engages in the provision of telecommunications services.,0
Cigna Corporation has headquarters in United States.,1
RBC engages in the provision of financial services.,0
Bank of Montreal operates in the industry of Oil & Gas Operations.,0
BASF has headquarters in Japan.,0
Poly Developments & Holdings Group operates in the industry of construction.,1
Zurich Insurance operates in the industry of Banking.,0
Enbridge operates in the industry of oil & gas operations.,1
Tencent Holdings engages in the provision of energy solutions.,0
"Bank of Communications engages in the provision of electricity, natural gas, and energy related services.",0
Hyundai Motor engages in owning and operating of general merchandise stores.,0
BP has headquarters in United Kingdom.,1
Rosneft operates in the industry of oil & gas operations.,1
HCA Healthcare operates as an investment holding company.,0
Anglo American engages in the provision of healthcare services.,0
"Postal Savings Bank of China engages in the provision of life, annuity, accident, and health insurance.",0
"Iberdrola is a holding company, which engages in the provision of insurance products and related services.",0
"Enbridge engages in the provision of banking, investments, life and non-life insurance, and retirement and asset management services.",0
Manulife is a financial services company that engages in the provision of financial protection and wealth management products and services.,1
BASF has headquarters in Germany.,1
BASF operates in the industry of chemicals.,1
"ArcelorMittal is a holding company, which engages in steelmaking and mining activities.",1
GlaxoSmithKline operates in the industry of drugs & biotechnology.,1
"U.S. Bancorp operates as a bank holding company that offers financial services, including lending and depository services, cash management, foreign exchange and trust and investment management.",1
Pfizer operates in the industry of Insurance.,0
"Walgreens engages in the provision of management consulting, technology, and outsourcing services.",0
Dow is a holding company that engages in the provision of telecommunication services.,0
Credit Agricole engages in the provision of banking and financial services.,1
Thermo Fisher Scientific has headquarters in United States.,1
"American Express operates as a bank holding company that engages in the business of providing retail banking, credit cards, corporate and investment banking and wealth management services.",0
Rio Tinto has headquarters in Australia.,1
ING Group has headquarters in Netherlands.,1
"Sanofi engages in the research, production and distribution of pharmaceutical products.",1
"VINCI engages in the design, building, finance and management of facilities for transport systems, public and private buildings and urban development and water, energy and communication networks.",1
Tencent Holdings has headquarters in United Kingdom.,0
U.S. Bancorp has headquarters in United States.,1
China Merchants Bank engages in oil and natural gas production.,0
Samsung Group engages in the manufacturing and selling of electronics and computer peripherals.,1
BHP Group operates in the industry of materials.,1
Comcast operates in the industry of Banking.,0
Comcast has headquarters in Taiwan.,0
"Prudential Financial engages in the exploration, production, transportation and marketing of crude oil, bitumen, natural gas, natural gas liquids and liquefied natural gas on a worldwide basis.",0
"Hon Hai Precision engages in the design, development and manufacturing of nanotechnology, heat transfer, wireless connectivity and material sciences products.",1
Eni operates in the industry of oil & gas operations.,1
"CITIC is an investment holding company, which engages in finance, energy, engineering, manufacturing, and real estate businesses.",1
China Shenhua Energy engages in the production and sale of coal and electricity.,1